{
    "name": "Global Information",
    "numberOfRequests": {
        "total": 150000,
        "ok": 45852,
        "ko": 104148
    },
    "minResponseTime": {
        "total": 1,
        "ok": 1,
        "ko": 1866
    },
    "maxResponseTime": {
        "total": 59080,
        "ok": 59080,
        "ko": 56723
    },
    "meanResponseTime": {
        "total": 31397,
        "ok": 19392,
        "ko": 36683
    },
    "standardDeviation": {
        "total": 16365,
        "ok": 16830,
        "ko": 13025
    },
    "percentiles1": {
        "total": 38299,
        "ok": 20231,
        "ko": 41110
    },
    "percentiles2": {
        "total": 44146,
        "ok": 32774,
        "ko": 45403
    },
    "percentiles3": {
        "total": 49138,
        "ok": 47421,
        "ko": 49476
    },
    "percentiles4": {
        "total": 51768,
        "ok": 51304,
        "ko": 51902
    },
    "group1": {
    "name": "t < 800 ms",
    "count": 15915,
    "percentage": 11
},
    "group2": {
    "name": "800 ms < t < 1200 ms",
    "count": 4,
    "percentage": 0
},
    "group3": {
    "name": "t > 1200 ms",
    "count": 29933,
    "percentage": 20
},
    "group4": {
    "name": "failed",
    "count": 104148,
    "percentage": 69
},
    "meanNumberOfRequestsPerSecond": {
        "total": 627.6150627615062,
        "ok": 191.84937238493723,
        "ko": 435.765690376569
    }
}